Price (Million VND),count
150000.0,1
120000.0,1
55000.0,1
45000.0,1
38000.0,1
36000.0,1
30000.0,1
25500.0,1
24000.0,2
21000.0,1
20000.0,3
19000.0,2
18500.0,1
18000.0,4
17250.0,1
17000.0,1
16000.0,2
15000.0,3
14700.0,1
14000.0,2
13900.0,1
13500.0,1
12900.0,1
12380.0,1
12000.0,4
11800.0,1
11200.0,1
11000.0,2
10500.0,1
10480.0,1
10100.0,1
10000.0,2
9800.0,1
9500.0,4
9200.0,1
9100.0,1
9000.0,4
8900.0,1
8800.0,2
8700.0,1
8600.0,1
8580.0,1
8550.0,1
8500.0,2
8300.0,2
8200.0,1
8150.0,1
8000.0,5
7983.0,1
7977.0,1
7958.0,1
7951.0,1
7945.0,1
7920.0,1
7879.0,1
7860.0,1
7832.0,1
7814.0,1
7800.0,2
7798.0,1
7790.0,1
7786.0,1
7777.777,1
7776.0,1
7761.0,1
7753.0,1
7748.0,1
7733.0,1
7731.0,1
7721.0,1
7700.0,1
7691.0,1
7688.0,1
7683.0,1
7679.0,1
7675.0,1
7665.0,1
7641.0,1
7625.0,1
7612.0,1
7602.0,1
7600.0,1
7598.0,1
7595.0,1
7592.0,1
7589.0,1
7581.0,1
7550.0,1
7546.0,1
7541.0,1
7526.0,1
7510.0,1
7503.0,1
7500.0,5
7494.0,1
7492.0,1
7487.0,1
7484.0,1
7478.0,1
7452.0,1
7448.0,1
7422.0,1
7421.0,1
7413.0,1
7405.0,1
7404.0,1
7400.0,1
7399.0,2
7384.0,1
7370.0,1
7368.0,1
7366.0,1
7363.0,1
7362.0,1
7358.0,1
7357.0,1
7355.0,1
7354.0,2
7353.0,1
7352.0,1
7348.0,1
7344.0,1
7340.0,2
7336.0,1
7333.0,1
7329.0,1
7324.0,1
7320.0,1
7319.0,1
7309.0,1
7305.0,1
7300.0,1
7299.0,1
7294.0,1
7291.0,1
7289.0,1
7286.0,1
7275.0,2
7274.0,1
7272.0,1
7267.0,1
7257.0,1
7255.0,1
7253.0,1
7251.0,1
7247.0,1
7236.0,1
7235.0,1
7233.0,1
7232.0,1
7228.0,1
7220.0,2
7219.0,1
7217.0,2
7212.0,1
7205.0,1
7200.0,5
7199.0,1
7195.0,1
7192.0,1
7189.0,1
7181.0,1
7177.0,1
7176.0,1
7166.0,1
7165.0,1
7160.0,1
7159.0,4
7158.0,1
7157.0,1
7156.0,1
7155.0,1
7149.0,1
7148.0,1
7147.0,2
7146.0,1
7145.0,1
7143.0,1
7141.0,1
7137.0,1
7136.0,1
7131.0,1
7130.0,2
7129.0,2
7127.0,1
7126.0,1
7122.0,1
7118.0,2
7115.0,1
7113.0,1
7112.0,1
7108.0,1
7107.0,1
7103.0,1
7102.0,1
7100.0,1
7099.0,1
7098.0,4
7094.0,1
7092.0,1
7091.0,1
7090.0,2
7089.0,1
7080.0,1
7079.0,1
7078.0,1
7076.0,1
7075.0,1
7074.0,1
7073.0,1
7071.0,1
7065.0,1
7062.0,1
7058.0,2
7054.0,1
7051.0,1
7048.0,1
7047.0,2
7046.0,1
7044.0,1
7042.0,1
7041.0,1
7039.0,1
7038.0,1
7037.0,2
7036.0,2
7034.0,2
7032.0,1
7031.0,1
7030.0,2
7028.0,1
7027.0,2
7026.0,1
7025.0,1
7024.0,1
7021.0,1
7017.0,1
7013.0,1
7011.0,1
7010.0,1
7009.0,1
7007.0,1
7006.0,1
7005.0,1
7004.0,1
7001.0,1
7000.0,4
6998.0,1
6997.0,2
6995.0,1
6988.0,2
6987.0,1
6986.0,1
6982.0,2
6980.0,1
6974.0,1
6973.0,1
6972.0,2
6970.0,2
6969.0,1
6968.0,1
6964.0,3
6961.0,1
6960.0,1
6959.0,3
6956.0,1
6955.0,1
6953.0,1
6951.0,1
6946.0,1
6941.0,1
6939.0,2
6937.0,2
6936.0,1
6935.0,1
6934.0,1
6933.0,2
6931.0,2
6930.0,1
6929.0,1
6928.0,1
6927.0,3
6924.0,1
6923.0,1
6922.0,1
6919.0,2
6917.0,1
6915.0,1
6913.0,2
6912.0,1
6911.0,1
6909.0,1
6908.0,1
6906.0,1
6905.0,1
6903.0,2
6901.0,1
6900.0,7
6899.0,1
6891.0,1
6888.0,2
6887.0,3
6883.0,2
6882.0,1
6881.0,1
6879.0,1
6876.0,2
6873.0,1
6870.0,1
6868.0,1
6864.0,1
6862.0,1
6861.0,2
6860.0,2
6855.0,1
6853.0,2
6852.0,2
6851.0,1
6850.0,2
6848.0,2
6847.0,1
6845.0,1
6842.0,3
6839.0,1
6838.0,1
6837.0,1
6836.0,1
6834.0,1
6831.0,3
6830.0,1
6826.0,1
6825.0,1
6824.0,2
6823.0,3
6822.0,1
6821.0,6
6819.0,1
6817.0,3
6816.0,1
6815.0,1
6814.0,1
6813.0,3
6810.0,1
6807.0,1
6805.0,1
6802.0,1
6801.0,1
6800.0,4
6799.0,1
6798.0,1
6797.0,2
6796.0,1
6795.0,1
6794.0,3
6792.0,1
6790.0,1
6789.0,1
6788.0,1
6787.0,3
6786.0,1
6784.0,1
6782.0,1
6781.0,1
6778.0,1
6777.0,2
6776.0,1
6775.0,3
6774.0,1
6773.0,1
6772.0,1
6771.0,1
6770.0,1
6768.0,1
6766.0,2
6764.0,3
6763.0,2
6762.0,2
6760.0,1
6759.0,4
6758.0,2
6755.0,2
6753.0,3
6752.0,1
6751.0,1
6750.0,2
6749.0,1
6748.0,2
6746.0,1
6744.0,3
6743.0,1
6742.0,2
6741.0,1
6740.0,2
6739.0,3
6738.0,1
6737.0,3
6736.0,2
6733.0,4
6732.0,2
6730.0,1
6728.0,1
6727.0,1
6725.0,1
6724.0,2
6723.0,4
6722.0,2
6721.0,2
6720.0,2
6717.0,1
6716.0,5
6715.0,1
6714.0,2
6713.0,1
6712.0,3
6710.0,1
6709.0,1
6707.0,4
6702.0,1
6701.0,4
6700.0,2
6699.0,1
6695.0,2
6693.0,3
6692.0,1
6691.0,1
6690.0,4
6689.0,1
6688.0,2
6685.0,2
6684.0,1
6683.0,2
6682.0,1
6681.0,4
6680.0,1
6679.0,1
6678.0,2
6677.0,1
6676.0,1
6675.0,1
6669.0,2
6668.0,1
6667.0,2
6666.666,1
6666.0,2
6665.0,2
6664.0,2
6662.0,2
6660.0,1
6658.0,3
6657.0,2
6656.0,2
6654.0,3
6651.0,2
6650.0,2
6649.0,2
6648.0,2
6647.0,1
6646.0,2
6645.0,1
6644.0,1
6643.0,1
6642.0,1
6641.0,1
6640.0,3
6639.0,2
6638.0,2
6637.0,1
6636.0,1
6634.0,1
6632.0,3
6631.0,1
6630.0,2
6629.0,2
6628.0,1
6626.0,1
6625.0,3
6624.0,1
6623.0,2
6622.0,2
6621.0,2
6620.0,2
6619.0,1
6618.0,3
6617.0,1
6616.0,1
6615.0,2
6614.0,1
6613.0,2
6612.0,1
6610.0,2
6609.0,3
6608.0,3
6607.0,3
6603.0,1
6602.0,2
6601.0,2
6600.0,2
6599.0,1
6598.0,2
6597.0,1
6595.0,2
6594.0,2
6593.0,1
6592.0,5
6591.0,1
6590.957569,1
6589.0,1
6588.0,1
6587.0,1
6585.0,3
6584.0,3
6583.0,2
6581.0,1
6580.0,1
6579.0,2
6578.0,2
6577.0,2
6576.0,2
6575.0,2
6572.0,2
6571.0,2
6570.0,6
6569.0,1
6568.0,2
6567.0,1
6566.0,1
6565.0,2
6564.0,1
6563.0,2
6561.0,1
6560.0,1
6559.0,1
6558.0,1
6557.0,1
6556.0,2
6555.0,1
6551.0,3
6550.0,2
6549.0,1
6548.0,2
6546.0,1
6545.0,1
6543.0,3
6542.0,4
6541.0,1
6540.0,1
6539.0,4
6538.0,2
6537.0,2
6536.0,2
6533.0,2
6532.0,1
6531.0,2
6530.0,1
6529.0,2
6527.0,1
6525.0,3
6524.0,2
6523.0,2
6522.0,4
6521.0,2
6520.0,3
6519.0,5
6518.0,3
6517.0,2
6516.0,3
6515.0,2
6513.0,1
6512.0,2
6511.0,3
6510.0,6
6509.0,1
6508.0,4
6506.0,1
6505.0,1
6503.0,1
6502.0,1
6501.0,1
6500.0,6
6498.0,2
6497.0,2
6493.0,2
6492.0,1
6491.0,2
6490.0,2
6488.0,1
6486.0,5
6485.0,1
6484.0,2
6483.0,2
6482.0,1
6481.0,2
6480.0,1
6479.0,2
6478.0,2
6477.0,2
6475.0,1
6474.0,2
6473.0,1
6472.0,1
6471.0,2
6470.0,1
6469.0,2
6467.0,2
6464.0,3
6463.0,2
6462.0,1
6460.0,3
6459.0,1
6458.0,1
6457.0,1
6456.0,1
6455.0,1
6453.0,2
6452.0,2
6450.0,2
6449.0,1
6448.0,1
6447.0,1
6445.0,1
6444.0,1
6443.0,1
6441.0,2
6440.0,1
6439.0,1
6438.0,1
6436.0,1
6435.0,2
6434.0,3
6433.0,3
6432.0,4
6430.0,2
6429.0,1
6427.0,2
6426.0,2
6425.0,2
6424.0,1
6423.0,2
6422.0,2
6420.0,2
6419.0,2
6418.0,2
6417.0,2
6415.0,1
6414.0,2
6413.0,2
6412.0,3
6411.0,4
6410.0,3
6409.0,4
6408.0,2
6407.0,3
6406.0,2
6405.0,1
6404.0,2
6403.0,1
6402.0,3
6401.0,3
6400.0,4
6399.0,2
6397.0,3
6395.0,4
6394.0,1
6393.0,1
6392.0,1
6391.0,2
6390.0,3
6389.0,3
6388.0,2
6387.0,3
6385.0,2
6384.0,2
6383.0,2
6382.0,1
6381.0,2
6380.0,1
6379.0,3
6378.0,1
6377.0,2
6376.0,1
6375.0,1
6374.0,4
6373.0,3
6372.0,1
6371.0,1
6370.0,5
6369.0,3
6368.0,1
6367.0,2
6366.0,1
6365.0,3
6364.0,3
6362.0,2
6361.0,2
6360.0,2
6359.0,5
6357.0,2
6355.0,1
6354.0,1
6353.0,1
6352.0,3
6351.0,3
6350.0,4
6349.0,2
6348.0,1
6347.0,2
6346.0,1
6345.0,1
6344.0,1
6343.0,1
6341.0,1
6340.0,3
6339.0,2
6338.0,2
6337.0,4
6335.0,5
6334.0,2
6333.0,2
6331.0,2
6330.0,1
6329.0,2
6328.0,2
6326.0,2
6325.0,1
6324.0,7
6323.0,3
6322.0,3
6321.0,2
6320.0,1
6319.0,3
6318.0,2
6316.0,2
6315.0,2
6314.0,5
6313.0,3
6312.0,2
6311.0,1
6310.0,4
6308.0,3
6307.0,1
6306.0,3
6305.0,1
6304.0,4
6303.0,2
6302.0,2
6301.0,2
6300.0,4
6299.0,1
6298.0,1
6297.0,1
6296.0,2
6295.0,3
6294.0,3
6292.0,1
6291.0,1
6290.0,1
6289.0,2
6288.0,2
6287.0,1
6286.0,3
6285.0,2
6284.0,1
6283.0,3
6282.0,1
6281.0,2
6280.0,2
6279.0,1
6278.0,2
6275.0,2
6274.0,7
6273.0,3
6272.0,4
6271.0,1
6270.0,1
6269.0,3
6268.0,1
6267.0,1
6265.0,2
6263.0,3
6262.0,2
6261.0,2
6260.0,1
6258.0,2
6257.0,1
6256.0,4
6255.0,2
6254.0,2
6253.0,3
6252.0,2
6251.0,2
6250.0,5
6249.0,3
6248.0,1
6247.0,1
6245.0,5
6244.0,1
6243.0,3
6242.0,2
6241.0,1
6240.0,3
6239.0,1
6238.0,1
6237.0,5
6236.0,3
6235.0,2
6234.0,3
6233.0,2
6232.0,2
6231.0,1
6230.0,2
6228.0,1
6227.0,1
6225.0,1
6224.0,2
6223.0,1
6222.0,4
6221.0,2
6219.0,2
6218.0,3
6216.0,3
6215.0,1
6214.0,4
6213.0,1
6212.0,4
6211.0,1
6209.0,2
6208.0,1
6207.0,4
6206.0,3
6205.0,3
6204.0,1
6203.0,3
6202.0,3
6200.0,10
6199.0,1
6198.0,1
6197.0,3
6196.0,5
6195.0,4
6194.0,1
6193.0,4
6192.0,1
6191.0,2
6190.0,1
6188.0,1
6187.0,1
6186.0,2
6185.0,4
6184.0,3
6183.0,5
6182.0,2
6181.0,3
6179.0,3
6178.0,3
6177.0,2
6175.0,2
6174.0,1
6173.0,1
6172.0,4
6171.0,3
6170.0,1
6169.0,5
6168.0,3
6167.0,2
6166.0,2
6165.0,3
6164.0,2
6163.0,2
6162.0,2
6161.0,2
6160.0,2
6159.0,2
6158.0,4
6157.0,2
6155.0,3
6154.0,1
6153.0,2
6152.0,4
6151.0,1
6150.0,2
6149.0,4
6148.0,2
6147.0,2
6146.0,3
6145.0,2
6144.0,1
6143.0,2
6142.0,2
6141.0,2
6140.0,1
6139.0,2
6138.0,1
6137.0,4
6136.0,3
6135.0,3
6134.0,5
6133.0,2
6132.0,1
6131.0,2
6130.0,4
6128.0,4
6127.0,4
6126.0,1
6125.0,2
6124.0,1
6123.0,2
6122.0,3
6120.0,3
6119.0,6
6118.0,3
6117.0,3
6116.0,1
6115.0,1
6114.0,4
6113.0,1
6112.0,1
6111.0,4
6109.0,3
6108.0,1
6107.0,3
6106.0,4
6105.0,4
6104.0,4
6103.0,1
6102.0,4
6101.0,2
6100.0,5
6099.0,2
6098.0,3
6097.0,1
6096.0,2
6095.0,1
6094.0,2
6091.0,2
6090.0,5
6089.0,2
6088.0,5
6087.0,1
6086.0,1
6085.0,2
6084.0,1
6083.0,1
6082.0,1
6081.0,4
6080.0,2
6079.0,4
6077.0,2
6076.0,5
6075.0,3
6074.0,1
6073.0,2
6072.0,4
6071.0,2
6070.0,1
6068.0,4
6067.0,7
6066.0,3
6065.0,1
6064.0,3
6063.0,6
6062.0,4
6061.0,3
6060.0,3
6059.0,1
6058.0,5
6057.0,1
6056.0,4
6054.0,3
6052.0,2
6051.0,5
6049.0,2
6048.0,2
6047.0,4
6046.0,1
6044.0,3
6043.0,2
6042.0,1
6041.0,3
6040.0,2
6039.0,1
6038.0,2
6037.0,1
6036.0,3
6035.0,4
6034.0,4
6033.0,1
6032.0,2
6031.0,2
6030.0,1
6029.0,2
6028.0,1
6027.0,2
6026.0,2
6025.0,2
6024.0,4
6023.0,5
6022.0,3
6021.0,2
6020.0,5
6019.0,2
6018.0,2
6017.0,1
6016.0,5
6015.0,4
6014.0,1
6013.0,3
6012.0,4
6011.0,1
6010.0,1
6009.0,4
6007.0,4
6006.0,1
6005.0,5
6004.0,1
6003.0,5
6002.0,1
6000.0,28
5999.0,2
5998.0,4
5997.0,3
5996.0,2
5994.0,2
5993.0,2
5992.0,2
5991.0,4
5990.0,3
5989.0,3
5988.0,5
5987.0,3
5986.0,3
5985.0,6
5984.0,5
5983.0,3
5982.0,6
5981.0,1
5979.0,1
5978.0,4
5977.0,1
5976.0,2
5975.0,4
5974.0,6
5973.0,2
5972.0,4
5971.0,1
5970.0,1
5969.0,4
5968.0,3
5967.0,4
5966.0,5
5965.0,4
5964.0,2
5963.0,3
5962.0,1
5961.0,3
5960.0,2
5959.0,1
5958.0,2
5957.0,2
5956.0,3
5955.0,2
5954.0,4
5953.0,3
5952.0,1
5951.0,5
5950.0,3
5949.0,2
5948.0,4
5947.0,1
5946.0,3
5945.0,2
5943.0,3
5942.0,1
5941.0,2
5940.0,2
5939.0,1
5938.0,4
5937.0,4
5936.0,4
5935.0,4
5934.0,2
5933.0,3
5932.0,2
5931.0,2
5929.0,3
5928.0,2
5927.0,2
5926.0,4
5925.0,1
5924.0,1
5923.0,3
5922.0,4
5921.0,3
5920.0,6
5919.0,2
5918.0,1
5915.0,1
5914.0,6
5913.0,1
5912.0,2
5911.0,2
5910.0,4
5909.0,5
5907.0,2
5906.0,3
5905.0,1
5904.0,1
5903.0,2
5900.0,6
5899.0,4
5898.0,7
5897.0,6
5896.0,2
5895.0,1
5894.0,3
5893.0,4
5892.0,1
5891.0,5
5890.0,4
5889.0,2
5888.0,3
5887.0,5
5885.0,2
5883.0,2
5882.0,2
5881.0,4
5880.0,3
5879.0,3
5878.0,2
5877.0,2
5876.0,2
5875.0,1
5874.0,6
5873.0,6
5872.0,4
5871.0,3
5870.0,4
5869.0,1
5868.0,2
5867.0,2
5866.0,1
5865.0,1
5864.0,5
5863.0,4
5862.0,1
5861.0,1
5858.0,3
5857.0,6
5856.0,2
5855.0,3
5854.0,3
5853.0,3
5851.0,2
5850.0,2
5849.0,3
5848.0,2
5846.0,2
5845.0,3
5844.0,3
5843.0,3
5842.0,1
5841.0,2
5840.0,1
5839.0,4
5838.0,1
5837.0,4
5836.0,1
5835.0,5
5834.09379,1
5834.0,4
5833.0,6
5832.0,1
5831.0,3
5830.0,3
5829.0,5
5828.0,1
5827.0,2
5826.0,4
5825.0,4
5824.0,2
5823.0,1
5822.0,1
5821.0,1
5820.0,2
5819.0,1
5818.0,2
5817.0,1
5816.0,3
5815.0,2
5814.0,2
5813.0,6
5812.0,2
5811.0,2
5810.0,1
5808.0,2
5807.0,3
5806.0,1
5805.0,3
5804.0,2
5803.0,4
5802.0,1
5801.0,7
5800.0,8
5799.0,4
5798.0,4
5796.0,4
5795.0,4
5794.0,2
5793.0,4
5792.0,2
5791.0,4
5790.0,4
5789.0,2
5788.0,4
5787.0,5
5785.0,3
5784.0,5
5783.0,2
5782.0,3
5781.0,2
5780.0,4
5778.0,1
5777.0,4
5776.0,4
5775.0,1
5774.0,6
5773.0,3
5772.0,2
5771.0,5
5769.0,3
5768.0,2
5767.0,1
5766.0,5
5765.0,3
5764.0,2
5763.0,1
5762.0,4
5761.0,2
5759.0,1
5758.0,5
5757.0,1
5756.0,5
5755.0,3
5754.0,2
5753.0,3
5752.0,4
5751.0,3
5750.0,4
5749.0,1
5748.0,2
5747.0,2
5746.0,6
5745.0,2
5744.0,2
5743.0,2
5742.0,7
5740.0,1
5739.0,2
5738.0,6
5737.0,4
5735.0,5
5734.0,2
5733.0,2
5732.0,5
5731.0,5
5730.0,4
5729.0,3
5728.0,2
5727.0,2
5726.0,4
5725.0,5
5724.0,6
5723.0,1
5722.0,2
5721.0,3
5720.0,3
5719.0,2
5718.0,1
5717.0,3
5715.0,4
5713.0,2
5712.0,3
5711.0,3
5710.0,4
5709.0,1
5708.0,3
5707.0,3
5706.0,2
5705.0,1
5704.0,2
5703.0,2
5702.0,2
5701.0,1
5700.0,4
5699.0,2
5697.0,5
5696.0,5
5695.0,8
5694.0,1
5693.0,2
5692.0,4
5691.0,3
5690.0,5
5689.0,4
5688.0,3
5687.0,4
5686.0,1
5685.0,2
5684.0,1
5683.0,3
5682.0,7
5681.0,1
5680.0,2
5679.0,4
5678.0,3
5677.0,4
5676.0,5
5675.0,2
5674.0,4
5673.0,3
5672.0,9
5671.0,3
5670.0,1
5669.0,1
5668.0,1
5667.0,2
5665.0,3
5664.0,3
5663.0,2
5662.0,3
5661.0,1
5660.0,2
5659.0,3
5658.0,2
5657.0,2
5656.0,2
5655.0,1
5654.0,3
5653.0,2
5652.0,3
5651.0,5
5650.0,3
5649.0,3
5648.0,3
5647.0,3
5646.0,5
5644.0,6
5643.0,1
5642.0,4
5641.0,9
5640.0,1
5639.0,4
5638.0,1
5637.0,3
5636.0,4
5635.0,4
5634.0,4
5633.0,3
5632.0,4
5631.0,7
5630.0,3
5629.0,3
5628.0,1
5627.0,1
5626.0,4
5625.0,2
5624.0,1
5623.0,3
5622.0,5
5621.0,6
5620.0,2
5619.0,1
5618.0,6
5617.0,3
5616.0,3
5615.0,2
5614.0,6
5613.0,2
5612.0,2
5611.0,2
5609.0,2
5608.0,2
5607.0,2
5605.0,3
5604.0,4
5603.0,5
5601.0,6
5600.0,10
5599.0,1
5598.0,3
5597.0,2
5596.0,2
5595.0,2
5594.0,3
5593.0,6
5592.0,2
5591.0,8
5590.0,5
5589.0,8
5588.0,5
5587.0,6
5586.0,1
5585.0,2
5584.0,2
5583.0,2
5582.0,2
5581.0,1
5580.0,2
5579.0,4
5578.0,5
5577.0,5
5576.0,5
5575.0,8
5574.0,4
5573.0,1
5572.0,5
5571.0,4
5570.0,7
5569.0,1
5568.0,3
5567.0,6
5566.0,3
5565.0,5
5564.0,1
5563.0,5
5562.0,4
5561.0,7
5560.0,5
5559.0,5
5558.0,1
5557.0,4
5556.0,3
5555.0,2
5554.0,6
5553.0,5
5552.0,2
5551.0,1
5550.0,4
5549.0,2
5548.0,5
5547.0,2
5546.0,4
5545.0,1
5544.0,10
5543.0,5
5542.0,5
5541.0,4
5540.0,4
5539.0,1
5538.0,6
5537.0,1
5536.0,3
5535.0,3
5534.0,3
5533.0,2
5532.0,4
5531.0,3
5530.0,3
5529.0,2
5528.0,4
5527.0,1
5526.0,4
5525.0,6
5524.0,3
5523.0,2
5522.0,2
5521.0,5
5520.0,1
5519.0,3
5518.0,2
5517.0,6
5516.0,2
5515.0,5
5514.0,3
5513.0,4
5512.0,1
5511.0,4
5510.0,1
5509.0,8
5507.0,3
5506.0,3
5505.0,5
5504.0,2
5503.0,6
5502.0,7
5501.0,6
5500.0,16
5499.0,6
5498.0,6
5497.0,1
5496.0,2
5495.0,2
5493.0,5
5492.0,2
5491.0,2
5490.0,4
5489.0,4
5488.0,5
5487.0,7
5486.0,7
5485.0,3
5484.0,5
5483.0,5
5482.0,3
5481.0,1
5480.0,2
5479.0,2
5478.0,3
5477.0,7
5476.0,4
5475.0,3
5474.0,3
5473.0,1
5472.0,3
5471.0,4
5470.0,1
5469.0,3
5468.0,2
5467.0,8
5466.0,7
5465.0,7
5464.0,5
5463.0,1
5462.0,2
5461.0,2
5460.0,3
5459.0,2
5458.0,3
5457.0,3
5456.0,3
5455.0,1
5454.0,2
5453.0,3
5452.0,3
5451.0,5
5450.0,4
5449.0,7
5448.0,6
5447.0,4
5446.0,4
5445.0,1
5444.0,2
5443.0,5
5442.0,1
5441.0,6
5440.0,4
5439.0,3
5438.0,4
5436.0,5
5435.0,2
5434.0,4
5433.0,5
5432.0,2
5431.0,4
5430.0,1
5429.0,1
5428.0,4
5427.0,3
5426.0,2
5425.0,3
5424.0,3
5423.0,5
5422.0,8
5421.0,5
5420.0,2
5419.0,2
5418.0,2
5417.0,5
5416.0,6
5415.0,5
5413.0,2
5412.0,3
5411.0,4
5410.0,4
5409.0,3
5408.0,1
5407.0,3
5406.0,3
5405.0,7
5404.0,1
5403.0,1
5402.0,3
5401.0,1
5400.0,7
5399.0,5
5398.0,2
5397.0,5
5396.0,6
5395.0,8
5394.0,3
5393.0,3
5392.0,1
5391.0,4
5390.0,6
5389.0,4
5388.0,4
5387.0,2
5386.0,4
5384.0,3
5383.0,5
5382.0,3
5381.0,2
5380.0,5
5379.0,3
5378.0,4
5377.0,5
5376.0,1
5375.0,4
5374.0,3
5373.0,2
5372.0,2
5371.0,4
5370.0,1
5369.0,5
5368.0,4
5367.0,6
5366.0,3
5365.0,5
5364.0,2
5363.0,3
5362.0,4
5361.0,2
5360.0,2
5359.0,2
5358.0,2
5357.0,5
5356.0,4
5355.0,6
5354.0,4
5353.0,3
5352.0,4
5351.0,4
5350.0,2
5349.0,3
5348.0,3
5347.0,3
5346.0,2
5345.0,3
5344.0,1
5343.0,1
5342.0,3
5341.0,4
5340.0,5
5339.0,1
5338.0,4
5337.0,6
5336.0,3
5335.0,2
5334.0,3
5333.0,6
5331.0,5
5330.0,2
5329.0,3
5328.0,2
5327.0,4
5326.0,6
5325.0,3
5324.0,5
5323.0,1
5322.0,2
5321.0,2
5320.0,1
5319.0,3
5318.0,4
5317.0,6
5316.0,6
5315.0,3
5314.0,3
5313.0,5
5312.0,3
5311.0,4
5310.0,4
5309.0,6
5308.0,2
5307.0,4
5306.0,4
5305.0,3
5304.0,8
5303.0,4
5302.0,3
5301.0,6
5300.0,10
5299.0,5
5298.0,5
5297.0,6
5296.0,3
5295.0,6
5294.0,2
5293.0,3
5292.0,5
5291.0,8
5290.0,1
5289.0,2
5288.0,6
5287.0,2
5286.0,4
5285.0,2
5284.0,2
5283.0,6
5282.0,3
5281.0,1
5280.0,6
5279.0,4
5278.0,1
5277.0,6
5276.0,2
5275.0,7
5274.0,6
5273.0,3
5272.0,3
5271.0,2
5270.0,3
5269.0,5
5268.0,2
5267.0,6
5266.0,3
5265.0,3
5264.0,7
5263.0,4
5262.0,5
5261.0,7
5260.0,7
5259.0,3
5258.0,5
5257.0,7
5256.0,4
5255.0,9
5254.0,7
5253.0,4
5252.0,5
5251.0,3
5250.0,5
5249.0,4
5248.0,2
5247.0,3
5246.0,3
5245.0,6
5244.0,5
5243.0,3
5242.0,3
5241.0,2
5240.0,5
5239.0,5
5238.0,4
5237.0,5
5236.0,9
5235.0,4
5234.0,5
5233.0,3
5232.0,2
5231.0,6
5230.0,3
5229.0,8
5228.0,5
5227.0,2
5226.0,5
5225.0,6
5224.0,6
5223.0,5
5222.0,4
5221.0,2
5220.0,3
5219.0,5
5218.0,9
5217.0,3
5216.0,5
5215.0,4
5214.0,4
5213.0,4
5212.0,1
5211.0,6
5210.0,5
5209.0,2
5208.0,5
5207.0,4
5206.0,2
5205.0,3
5204.0,7
5203.0,2
5202.0,5
5201.0,3
5200.0,11
5199.0,5
5198.0,5
5197.0,4
5196.0,4
5195.0,2
5194.0,4
5193.0,4
5192.0,5
5191.0,9
5190.0,1
5189.0,3
5188.0,8
5187.0,6
5186.0,7
5185.0,6
5184.0,3
5183.0,4
5182.0,2
5181.0,1
5180.0,2
5179.0,3
5178.0,3
5177.0,6
5176.0,2
5175.0,6
5174.0,3
5173.0,3
5172.0,5
5171.0,1
5170.0,4
5169.0,4
5168.0,4
5167.0,2
5166.0,4
5165.0,4
5163.0,5
5162.0,4
5161.0,5
5160.0,5
5159.0,2
5158.0,3
5157.0,7
5156.0,6
5155.0,2
5154.0,3
5153.0,4
5152.0,4
5151.0,3
5150.0,6
5149.0,11
5148.0,4
5147.0,7
5146.0,8
5145.0,6
5144.0,6
5143.0,7
5142.0,4
5141.0,8
5140.0,3
5139.0,2
5138.0,3
5137.0,6
5136.0,2
5135.0,6
5134.0,2
5133.0,5
5132.0,2
5131.0,3
5130.0,2
5129.0,9
5128.0,4
5127.0,5
5126.0,2
5125.0,4
5124.0,7
5123.0,5
5122.0,5
5121.0,3
5120.0,7
5119.0,2
5118.0,5
5117.0,4
5116.0,4
5115.0,5
5114.0,8
5113.0,4
5112.0,2
5111.0,2
5110.0,6
5109.0,6
5108.0,4
5107.0,10
5106.0,3
5105.0,3
5104.0,3
5103.0,5
5102.0,6
5101.0,4
5100.0,9
5099.0,6
5098.0,3
5097.0,5
5096.0,2
5095.0,3
5094.0,2
5093.0,6
5092.0,6
5091.0,3
5090.0,7
5089.0,5
5087.0,7
5086.0,5
5085.0,2
5084.0,2
5083.0,3
5082.0,5
5081.0,6
5080.0,4
5079.0,9
5078.0,2
5077.0,1
5076.0,2
5075.0,6
5074.0,3
5073.0,3
5072.0,3
5071.0,3
5070.0,4
5069.0,4
5068.0,3
5067.0,4
5066.0,4
5065.0,7
5064.0,8
5063.0,6
5062.0,4
5061.0,5
5060.0,6
5059.0,1
5058.0,5
5057.0,4
5056.0,5
5055.0,2
5054.0,5
5053.0,6
5052.156,1
5052.0,5
5051.0,3
5050.0,4
5049.0,6
5048.0,4
5047.0,4
5046.0,7
5045.0,5
5044.0,6
5043.0,6
5042.0,4
5041.0,3
5040.0,7
5039.0,3
5038.0,2
5037.0,6
5036.0,7
5035.0,4
5034.0,4
5033.0,6
5032.0,5
5031.0,4
5030.0,8
5029.0,8
5028.0,3
5027.0,3
5026.0,5
5025.0,5
5024.0,2
5023.0,8
5022.0,8
5021.0,8
5020.0,3
5019.0,7
5018.0,4
5017.0,10
5016.0,4
5015.0,6
5014.0,6
5013.0,5
5012.0,7
5011.0,1
5010.0,7
5009.0,3
5008.0,7
5007.0,7
5006.0,9
5005.0,3
5004.0,3
5003.0,6
5002.0,7
5001.0,4
5000.0,11
4999.0,3
4998.0,6
4997.0,3
4996.0,5
4995.0,6
4994.0,4
4993.0,5
4992.0,4
4991.0,4
4990.0,3
4989.0,5
4988.0,7
4987.0,6
4986.0,5
4985.0,4
4984.0,9
4983.0,6
4982.0,6
4981.0,4
4980.0,4
4979.0,4
4978.0,5
4977.0,2
4976.0,4
4975.0,4
4974.0,6
4973.0,5
4972.0,4
4971.0,2
4970.0,9
4969.0,6
4968.0,2
4967.0,6
4966.0,6
4965.0,5
4964.0,5
4963.0,6
4962.0,5
4961.0,5
4960.0,3
4959.0,2
4958.0,5
4957.0,14
4956.0,6
4955.0,10
4954.0,4
4953.0,8
4952.0,8
4951.0,4
4950.0,10
4949.0,5
4948.0,7
4947.0,8
4946.0,5
4945.0,5
4944.0,2
4943.0,6
4942.0,4
4941.0,6
4940.0,1
4939.0,6
4938.0,5
4937.0,9
4936.0,3
4935.0,6
4934.0,7
4933.0,3
4932.0,4
4931.0,6
4930.0,3
4929.0,7
4928.0,3
4927.0,3
4926.0,6
4925.0,6
4924.0,7
4923.0,3
4922.0,3
4921.0,3
4920.0,8
4919.0,2
4918.0,5
4917.0,3
4916.0,6
4915.0,1
4914.0,4
4913.0,8
4912.0,3
4911.0,1
4910.0,5
4909.0,3
4908.0,1
4907.0,9
4906.0,8
4905.0,6
4904.0,2
4903.0,6
4902.0,4
4901.0,4
4900.0,9
4899.0,7
4898.0,2
4897.0,3
4896.0,5
4895.0,6
4894.0,3
4893.0,3
4892.0,9
4891.0,4
4890.0,9
4889.0,2
4888.0,8
4887.0,4
4886.0,10
4885.0,7
4884.0,4
4883.0,6
4882.0,3
4881.0,3
4880.0,9
4879.0,4
4878.0,5
4877.0,4
4876.0,9
4875.0,4
4874.0,5
4873.0,5
4872.0,4
4871.0,3
4870.0,10
4869.0,5
4868.0,3
4867.0,7
4866.0,4
4865.0,5
4864.0,9
4863.0,5
4862.0,7
4861.0,2
4860.0,7
4859.0,4
4858.0,2
4857.0,11
4856.0,3
4855.0,5
4854.0,4
4853.0,6
4852.0,4
4851.0,6
4850.0,10
4849.0,3
4848.0,8
4847.0,6
4846.0,2
4845.0,9
4844.0,5
4843.0,5
4842.0,4
4841.0,8
4840.0,9
4839.0,4
4838.0,7
4837.0,8
4836.0,12
4835.0,6
4834.0,6
4833.0,4
4832.0,5
4831.0,3
4830.0,2
4829.0,6
4828.0,6
4827.0,4
4826.0,8
4825.0,5
4824.0,9
4823.0,6
4822.0,8
4821.0,4
4820.0,6
4819.0,8
4818.0,3
4817.0,3
4816.0,4
4815.0,7
4814.0,12
4813.0,9
4812.0,5
4811.0,4
4810.0,6
4809.0,6
4808.0,7
4807.0,3
4806.0,7
4805.0,7
4804.0,9
4803.0,3
4802.0,3
4801.0,7
4800.0,10
4799.0,6
4798.0,3
4797.0,6
4796.0,4
4795.0,6
4794.0,4
4793.0,9
4792.0,5
4791.0,4
4790.0,7
4789.0,9
4788.0,10
4787.0,4
4786.0,7
4785.0,8
4784.0,4
4783.0,4
4782.0,11
4781.0,5
4780.0,8
4779.0,6
4778.0,8
4777.777,1
4777.0,5
4776.0,6
4775.0,2
4774.0,6
4773.0,4
4772.0,2
4771.0,7
4770.0,9
4769.0,3
4768.0,8
4767.0,7
4766.0,6
4765.0,12
4764.0,8
4763.0,4
4762.0,6
4761.0,8
4760.0,8
4759.0,7
4758.0,10
4757.0,4
4756.0,4
4755.0,7
4754.0,10
4753.0,8
4752.0,6
4751.0,8
4750.0,4
4749.0,8
4748.0,5
4747.0,6
4746.0,7
4745.0,11
4744.0,3
4743.0,2
4742.0,14
4741.0,6
4740.0,3
4739.0,5
4738.0,5
4737.0,8
4736.0,5
4735.0,4
4734.0,8
4733.0,7
4732.0,13
4731.0,6
4730.0,10
4729.0,6
4728.0,5
4727.0,5
4726.0,6
4725.0,3
4724.0,5
4723.0,7
4722.0,7
4721.0,5
4720.0,4
4719.0,4
4718.0,9
4717.0,7
4716.0,7
4715.0,7
4714.0,4
4713.0,7
4712.0,3
4711.0,4
4710.0,5
4709.0,10
4708.0,6
4707.0,7
4706.0,1
4705.0,7
4704.0,7
4703.0,4
4702.0,10
4701.0,6
4700.0,18
4699.0,7
4698.0,8
4697.0,4
4696.0,12
4695.0,7
4694.0,6
4693.0,12
4692.0,4
4691.0,8
4690.0,5
4689.0,5
4688.0,2
4687.0,8
4686.0,13
4685.0,6
4684.0,5
4683.0,3
4682.0,5
4681.0,4
4680.0,10
4679.0,4
4678.0,8
4677.0,4
4676.0,10
4675.0,3
4674.0,6
4673.0,8
4672.0,8
4671.0,6
4670.0,6
4669.0,3
4668.0,5
4667.0,7
4666.0,8
4665.0,10
4664.0,7
4663.0,8
4662.0,8
4661.0,14
4660.0,3
4659.0,3
4658.0,10
4657.0,9
4656.0,6
4655.0,9
4654.0,10
4653.0,6
4652.0,5
4651.0,4
4650.0,13
4649.0,5
4648.0,10
4647.0,7
4646.0,4
4645.0,10
4644.0,8
4643.0,5
4642.0,10
4641.0,8
4640.0,6
4639.0,10
4638.0,10
4637.0,3
4636.0,7
4635.0,6
4634.0,11
4633.0,7
4632.0,7
4631.0,3
4630.0,4
4629.0,7
4628.0,3
4627.0,4
4626.0,7
4625.0,7
4624.0,6
4623.0,7
4622.0,10
4621.0,9
4620.0,5
4619.0,5
4618.0,6
4617.0,13
4616.0,8
4615.0,12
4614.0,7
4613.0,7
4612.0,8
4611.0,9
4610.0,6
4609.0,7
4608.0,8
4607.0,10
4606.0,6
4605.0,10
4604.0,7
4603.0,5
4602.0,1
4601.0,4
4600.0,14
4599.0,7
4598.0,6
4597.0,10
4596.0,2
4595.0,6
4594.0,6
4593.0,9
4592.0,7
4591.0,9
4590.0,9
4589.0,10
4588.0,6
4587.0,10
4586.0,6
4585.0,7
4584.0,7
4583.0,6
4582.0,7
4581.0,6
4580.0,6
4579.0,7
4578.0,4
4577.0,5
4576.0,7
4575.0,10
4574.0,8
4573.0,10
4572.0,11
4571.0,7
4570.0,10
4569.0,9
4568.0,10
4567.0,4
4566.0,10
4565.0,3
4564.0,7
4563.0,14
4562.0,4
4561.0,7
4560.0,5
4559.0,9
4558.0,12
4557.0,5
4556.0,5
4555.0,7
4554.0,8
4553.0,8
4552.0,11
4551.0,6
4550.0,9
4549.0,10
4548.0,3
4547.0,9
4546.0,7
4545.0,7
4544.0,9
4543.0,13
4542.0,4
4541.0,10
4540.0,9
4539.0,9
4538.0,6
4537.0,6
4536.0,8
4535.0,10
4534.0,11
4533.0,9
4532.0,10
4531.0,12
4530.0,10
4529.0,8
4528.0,8
4527.0,13
4526.0,5
4525.0,9
4524.0,3
4523.0,7
4522.0,10
4521.0,9
4520.0,6
4519.0,6
4518.0,7
4517.0,7
4516.0,7
4515.0,10
4514.0,10
4513.0,6
4512.0,5
4511.0,14
4510.0,8
4509.0,10
4508.0,5
4507.0,7
4506.0,4
4505.0,8
4504.0,8
4503.0,6
4502.0,7
4501.0,9
4500.0,16
4499.0,4
4498.0,4
4497.0,3
4496.0,8
4495.0,5
4494.0,12
4493.0,6
4492.0,5
4491.0,9
4490.0,11
4489.0,7
4488.0,9
4487.0,5
4486.0,6
4485.0,3
4484.0,11
4483.0,7
4482.0,9
4481.0,8
4480.0,8
4479.0,4
4478.0,11
4477.0,10
4476.0,7
4475.0,13
4474.0,11
4473.0,10
4472.0,9
4471.0,10
4470.0,13
4469.0,11
4468.0,9
4467.0,10
4466.0,7
4465.0,11
4464.0,6
4463.0,10
4462.0,5
4461.0,6
4460.0,9
4459.0,6
4458.0,9
4457.0,9
4456.0,7
4455.0,10
4454.0,10
4453.0,9
4452.0,8
4451.0,7
4450.0,14
4449.0,5
4448.0,3
4447.0,5
4446.0,11
4445.0,5
4444.0,4
4443.0,6
4442.0,8
4441.0,13
4440.0,3
4439.0,10
4438.0,10
4437.0,10
4436.0,7
4435.0,6
4434.0,5
4433.0,12
4432.0,10
4431.0,8
4430.0,9
4429.0,7
4428.0,11
4427.0,9
4426.0,4
4425.0,7
4424.0,8
4423.0,4
4422.0,11
4421.0,12
4420.0,16
4419.0,8
4418.0,11
4417.0,12
4416.0,5
4415.0,7
4414.0,7
4413.0,11
4412.0,8
4411.0,10
4410.0,12
4409.0,7
4408.0,9
4407.0,12
4406.0,13
4405.0,7
4404.0,12
4403.0,9
4402.0,10
4401.0,5
4400.0,16
4399.0,10
4398.0,7
4397.0,6
4396.0,7
4395.0,10
4394.0,10
4393.0,6
4392.0,11
4391.0,13
4390.0,9
4389.0,10
4388.0,8
4387.0,10
4386.0,11
4385.0,13
4384.0,11
4383.0,10
4382.0,14
4381.0,9
4380.0,10
4379.0,8
4378.0,10
4377.0,9
4376.0,7
4375.0,8
4374.0,9
4373.0,7
4372.0,8
4371.0,8
4370.0,7
4369.0,6
4368.0,8
4367.0,7
4366.0,6
4365.0,13
4364.0,8
4363.0,8
4362.0,11
4361.0,10
4360.0,7
4359.0,9
4358.0,5
4357.0,12
4356.0,8
4355.0,3
4354.0,9
4353.0,8
4352.0,15
4351.0,12
4350.0,11
4349.0,8
4348.0,9
4347.0,10
4346.0,9
4345.0,8
4344.0,8
4343.0,5
4342.0,6
4341.0,6
4340.0,10
4339.0,13
4338.0,7
4337.0,10
4336.0,5
4335.0,5
4334.0,10
4333.0,5
4332.0,6
4331.0,7
4330.0,18
4329.0,7
4328.0,9
4327.0,7
4326.0,11
4325.0,7
4324.0,6
4323.0,10
4322.0,13
4321.0,13
4320.0,9
4319.0,3
4318.0,7
4317.0,9
4316.0,9
4315.0,5
4314.0,6
4313.0,11
4312.0,8
4311.0,5
4310.0,15
4309.0,10
4308.0,12
4307.0,11
4306.0,8
4305.0,10
4304.0,2
4303.0,10
4302.0,8
4301.0,10
4300.0,18
4299.0,8
4298.0,11
4297.0,13
4296.0,9
4295.0,10
4294.0,9
4293.0,14
4292.0,10
4291.0,12
4290.0,5
4289.0,9
4288.0,13
4287.0,7
4286.0,15
4285.0,10
4284.0,13
4283.0,12
4282.0,8
4281.0,6
4280.0,10
4279.0,9
4278.0,11
4277.0,9
4276.0,9
4275.0,6
4274.0,6
4273.0,14
4272.0,14
4271.0,5
4270.0,7
4269.0,10
4268.0,10
4267.0,10
4266.0,2
4265.0,16
4264.0,13
4263.0,15
4262.0,8
4261.0,8
4260.0,11
4259.0,10
4258.0,14
4257.0,9
4256.0,12
4255.0,8
4254.0,6
4253.0,8
4252.0,22
4251.0,10
4250.0,11
4249.0,14
4248.0,12
4247.0,8
4246.0,9
4245.0,11
4244.0,10
4243.0,7
4242.0,12
4241.0,16
4240.0,10
4239.0,6
4238.0,18
4237.0,11
4236.0,5
4235.0,15
4234.0,7
4233.0,8
4232.0,14
4231.0,3
4230.0,13
4229.0,6
4228.0,10
4227.0,13
4226.0,17
4225.0,10
4224.0,6
4223.0,6
4222.0,4
4221.0,12
4220.0,6
4219.0,11
4218.0,15
4217.0,12
4216.0,12
4215.0,8
4214.0,15
4213.0,9
4212.0,4
4211.0,12
4210.0,13
4209.0,8
4208.0,5
4207.0,7
4206.0,13
4205.0,13
4204.0,6
4203.0,9
4202.0,7
4201.0,12
4200.0,26
4199.0,15
4198.0,9
4197.0,4
4196.0,10
4195.0,11
4194.0,14
4193.0,15
4192.0,9
4191.0,7
4190.0,9
4189.0,8
4188.0,12
4187.0,9
4186.0,7
4185.0,11
4184.0,2
4183.0,8
4182.0,10
4181.0,9
4180.0,16
4179.0,14
4178.0,11
4177.0,10
4176.0,11
4175.0,11
4174.0,12
4173.0,12
4172.0,6
4171.0,11
4170.0,10
4169.0,11
4168.0,13
4167.0,11
4166.0,9
4165.0,11
4164.0,8
4163.0,11
4162.0,8
4161.0,7
4160.0,11
4159.0,12
4158.0,11
4157.0,16
4156.0,5
4155.0,8
4154.0,8
4153.0,11
4152.0,9
4151.0,7
4150.0,20
4149.0,20
4148.0,12
4147.0,10
4146.0,11
4145.0,20
4144.0,10
4143.0,7
4142.0,15
4141.0,16
4140.0,9
4139.0,15
4138.0,8
4137.0,16
4136.0,5
4135.0,9
4134.0,7
4133.0,7
4132.0,11
4131.0,10
4130.0,8
4129.0,14
4128.0,10
4127.0,9
4126.0,7
4125.0,8
4124.0,18
4123.0,11
4122.0,9
4121.0,8
4120.0,8
4119.0,9
4118.0,12
4117.0,13
4116.0,8
4115.0,12
4114.0,11
4113.0,9
4112.0,10
4111.0,9
4110.0,12
4109.0,11
4108.0,11
4107.0,9
4106.0,7
4105.0,13
4104.0,9
4103.0,14
4102.0,12
4101.0,10
4100.0,18
4099.0,5
4098.0,7
4097.0,12
4096.0,11
4095.0,12
4094.0,11
4093.0,10
4092.0,11
4091.0,5
4090.0,9
4089.0,14
4088.0,11
4087.0,12
4086.0,9
4085.0,14
4084.0,9
4083.0,6
4082.0,6
4081.0,6
4080.0,8
4079.0,9
4078.0,12
4077.0,11
4076.0,13
4075.0,6
4074.0,12
4073.0,9
4072.0,11
4071.0,9
4070.0,8
4069.0,9
4068.0,10
4067.0,11
4066.0,9
4065.0,13
4064.0,10
4063.0,10
4062.0,13
4061.0,7
4060.0,16
4059.0,12
4058.0,9
4057.0,12
4056.0,10
4055.0,15
4054.0,9
4053.0,11
4052.0,12
4051.0,14
4050.0,10
4049.0,10
4048.0,9
4047.0,11
4046.0,11
4045.0,8
4044.0,12
4043.0,9
4042.0,9
4041.0,17
4040.0,12
4039.0,8
4038.0,12
4037.0,15
4036.0,9
4035.0,11
4034.0,6
4033.0,16
4032.0,5
4031.0,10
4030.0,12
4029.0,7
4028.0,8
4027.0,8
4026.0,6
4025.0,15
4024.0,18
4023.0,12
4022.0,7
4021.0,8
4020.0,15
4019.0,6
4018.0,10
4017.0,12
4016.0,14
4015.0,9
4014.0,9
4013.0,6
4012.0,13
4011.0,15
4010.0,9
4009.0,7
4008.0,17
4007.0,8
4006.0,7
4005.0,4
4004.0,11
4003.0,9
4002.0,11
4001.0,14
4000.0,38
3999.999,1
3999.0,12
3998.0,12
3997.0,8
3996.0,6
3995.0,6
3994.0,7
3993.0,11
3992.0,10
3991.0,8
3990.0,16
3989.0,8
3988.0,17
3987.0,14
3986.0,13
3985.0,8
3984.0,8
3983.0,13
3982.0,16
3981.0,17
3980.0,19
3979.0,12
3978.0,16
3977.0,15
3976.0,13
3975.0,10
3974.0,9
3973.0,8
3972.0,11
3971.0,7
3970.0,12
3969.0,13
3968.0,8
3967.0,9
3966.0,13
3965.0,11
3964.0,13
3963.0,13
3962.0,10
3961.0,10
3960.0,10
3959.0,7
3958.0,11
3957.0,12
3956.0,9
3955.0,15
3954.0,13
3953.0,13
3952.0,10
3951.0,11
3950.0,21
3949.0,10
3948.0,16
3947.0,8
3946.0,16
3945.0,15
3944.0,8
3943.0,11
3942.0,13
3941.0,9
3940.0,12
3939.0,15
3938.0,6
3937.0,9
3936.0,8
3935.0,12
3934.0,7
3933.0,12
3932.0,13
3931.0,6
3930.0,7
3929.0,5
3928.0,7
3927.0,17
3926.0,5
3925.0,12
3924.0,10
3923.0,11
3922.0,12
3921.0,13
3920.0,7
3919.0,8
3918.0,7
3917.0,16
3916.0,10
3915.0,10
3914.0,11
3913.0,12
3912.0,9
3911.0,10
3910.0,10
3909.0,11
3908.0,6
3907.0,13
3906.0,13
3905.0,9
3904.0,10
3903.0,11
3902.0,13
3901.0,9
3900.0,20
3899.0,9
3898.0,10
3897.0,11
3896.0,10
3895.0,9
3894.0,9
3893.0,12
3892.0,11
3891.0,14
3890.0,13
3889.0,6
3888.0,7
3887.0,10
3886.0,11
3885.0,11
3884.0,13
3883.0,10
3882.0,13
3881.0,6
3880.0,14
3879.0,4
3878.0,9
3877.0,6
3876.0,13
3875.0,14
3874.0,7
3873.0,12
3872.0,15
3871.0,11
3870.0,9
3869.0,6
3868.0,12
3867.0,4
3866.0,12
3865.0,10
3864.0,10
3863.0,7
3862.0,17
3861.0,6
3860.0,10
3859.0,9
3858.0,6
3857.0,8
3856.0,14
3855.0,10
3854.0,10
3853.0,11
3852.0,13
3851.0,11
3850.0,25
3849.0,9
3848.0,10
3847.0,19
3846.0,10
3845.0,2
3844.0,12
3843.0,14
3842.0,6
3841.0,5
3840.0,9
3839.0,11
3838.0,9
3837.0,11
3836.0,9
3835.0,14
3834.0,9
3833.0,14
3832.0,11
3831.0,12
3830.0,10
3829.0,16
3828.0,7
3827.0,9
3826.0,11
3825.0,9
3824.0,8
3823.0,11
3822.0,8
3821.0,18
3820.0,11
3819.0,9
3818.0,11
3817.0,13
3816.0,12
3815.0,9
3814.0,16
3813.0,9
3812.0,10
3811.0,6
3810.0,12
3809.0,7
3808.0,10
3807.0,10
3806.0,15
3805.0,11
3804.0,5
3803.0,7
3802.0,10
3801.0,6
3800.0,20
3799.0,7
3798.0,6
3797.0,16
3796.0,7
3795.0,7
3794.0,10
3793.0,13
3792.0,10
3791.0,8
3790.0,8
3789.0,10
3788.0,10
3787.0,7
3786.0,8
3785.0,15
3784.0,10
3783.0,15
3782.0,7
3781.0,11
3780.0,7
3779.0,14
3778.0,11
3777.0,7
3776.0,15
3775.0,6
3774.0,12
3773.0,12
3772.0,8
3771.0,5
3770.0,11
3769.0,9
3768.0,10
3767.0,6
3766.0,6
3765.0,8
3764.0,11
3763.0,13
3762.0,13
3761.0,14
3760.0,10
3759.0,11
3758.0,5
3757.0,10
3756.0,10
3755.0,10
3754.0,17
3753.0,14
3752.0,14
3751.0,16
3750.0,17
3749.0,15
3748.0,10
3747.0,9
3746.0,3
3745.0,12
3744.0,9
3743.0,7
3742.0,13
3741.0,8
3740.0,10
3739.0,9
3738.0,11
3737.0,10
3736.0,11
3735.0,3
3734.0,11
3733.0,5
3732.0,5
3731.0,6
3730.0,9
3729.0,16
3728.0,13
3727.0,8
3726.0,8
3725.0,12
3724.0,17
3723.0,12
3722.0,11
3721.0,10
3720.0,8
3719.0,5
3718.0,9
3717.0,7
3716.0,8
3715.0,4
3714.0,9
3713.0,6
3712.0,9
3711.0,9
3710.0,15
3709.0,11
3708.0,14
3707.0,10
3706.0,14
3705.0,10
3704.0,8
3703.0,8
3702.0,13
3701.0,2
3700.08008,1
3700.0,25
3699.0,9
3698.0,12
3697.0,14
3696.0,11
3695.0,8
3694.0,9
3693.0,11
3692.0,8
3691.0,6
3690.0,11
3689.0,3
3688.0,6
3687.0,8
3686.0,13
3685.0,11
3684.0,10
3683.0,4
3682.0,14
3681.0,8
3680.0,6
3679.0,7
3678.0,11
3677.0,4
3676.0,7
3675.0,12
3674.0,7
3673.0,7
3672.0,5
3671.0,8
3670.0,13
3669.0,10
3668.0,9
3667.0,13
3666.0,13
3665.0,5
3664.0,8
3663.0,8
3662.0,10
3661.0,12
3660.0,10
3659.0,6
3658.0,3
3657.0,17
3656.0,8
3655.0,8
3654.0,10
3653.0,10
3652.0,10
3651.0,11
3650.0,10
3649.0,5
3648.0,15
3647.0,7
3646.0,9
3645.0,7
3644.0,4
3643.0,11
3642.0,9
3641.0,10
3640.0,11
3639.0,11
3638.0,6
3637.0,8
3636.0,13
3635.0,18
3634.0,12
3633.0,6
3632.0,9
3631.0,7
3630.0,8
3629.0,10
3628.0,12
3627.0,9
3626.0,5
3625.0,7
3624.0,6
3623.0,13
3622.0,7
3621.0,7
3620.0,10
3619.0,13
3618.0,10
3617.0,9
3616.0,9
3615.0,6
3614.0,5
3613.0,11
3612.0,7
3611.0,8
3610.0,8
3609.0,10
3608.0,12
3607.0,9
3606.0,9
3605.0,8
3604.0,10
3603.0,10
3602.0,11
3601.0,8
3600.0,16
3599.0,11
3598.0,13
3597.0,10
3596.0,8
3595.0,18
3594.0,5
3593.0,10
3592.0,11
3591.0,13
3590.0,11
3589.0,3
3588.0,8
3587.0,12
3586.0,12
3585.0,8
3584.0,15
3583.0,14
3582.0,11
3581.0,12
3580.0,16
3579.0,8
3578.0,9
3577.0,10
3576.0,8
3575.0,7
3574.0,9
3573.0,8
3572.0,9
3571.0,11
3570.0,10
3569.0,7
3568.0,12
3567.0,6
3566.0,10
3565.0,10
3564.0,12
3563.0,3
3562.0,12
3561.0,2
3560.0,9
3559.0,8
3558.0,7
3557.0,8
3556.0,14
3555.0,10
3554.0,10
3553.0,10
3552.0,9
3551.0,7
3550.0,12
3549.0,6
3548.0,9
3547.0,12
3546.0,11
3545.0,10
3544.0,8
3543.0,9
3542.0,12
3541.0,7
3540.0,9
3539.0,14
3538.0,11
3537.0,7
3536.0,7
3535.0,9
3534.0,15
3533.0,4
3532.0,8
3531.0,10
3530.0,8
3529.0,6
3528.0,10
3527.0,8
3526.0,6
3525.0,10
3524.0,8
3523.0,5
3522.0,10
3521.0,5
3520.0,10
3519.0,12
3518.0,9
3517.0,8
3516.0,7
3515.0,13
3514.0,9
3513.0,8
3512.0,6
3511.0,7
3510.0,6
3509.0,5
3508.0,7
3507.0,7
3506.0,8
3505.0,8
3504.0,10
3503.0,7
3502.0,9
3501.0,9
3500.0,42
3499.0,9
3498.0,8
3497.0,8
3496.0,5
3495.0,10
3494.0,6
3493.0,6
3492.0,5
3491.0,9
3490.0,14
3489.0,6
3488.0,4
3487.0,14
3486.0,12
3485.0,8
3484.0,10
3483.0,7
3482.0,7
3481.0,7
3480.0,12
3479.0,7
3478.0,6
3477.0,2
3476.0,7
3475.0,10
3474.0,7
3473.0,8
3472.0,8
3471.0,5
3470.0,5
3469.0,6
3468.0,9
3467.0,14
3466.0,7
3465.0,9
3464.0,9
3463.0,7
3462.0,13
3461.0,7
3460.0,11
3459.0,7
3458.0,7
3457.0,10
3456.0,6
3455.0,12
3454.0,4
3453.0,6
3452.0,5
3451.0,10
3450.0,19
3449.0,8
3448.0,10
3447.0,3
3446.0,13
3445.0,14
3444.0,7
3443.0,11
3442.0,9
3441.0,9
3440.0,4
3439.0,9
3438.0,10
3437.0,14
3436.0,13
3435.0,12
3434.0,15
3433.0,7
3432.0,7
3431.0,4
3430.0,10
3429.0,11
3428.0,12
3427.0,5
3426.0,5
3425.0,8
3424.0,10
3423.0,13
3422.0,7
3421.0,10
3420.0,16
3419.0,8
3418.0,6
3417.0,8
3416.0,7
3415.0,9
3414.0,8
3413.0,12
3412.0,3
3411.0,9
3410.0,1
3409.0,5
3408.0,11
3407.0,8
3406.0,7
3405.0,6
3404.0,3
3403.0,8
3402.0,11
3401.0,7
3400.0,15
3399.0,10
3398.0,11
3397.0,10
3396.0,3
3395.0,8
3394.0,4
3393.0,11
3392.0,9
3391.0,11
3390.0,8
3389.0,9
3388.0,11
3387.0,6
3386.0,8
3385.0,6
3384.0,8
3383.0,9
3382.0,10
3381.0,11
3380.0,14
3379.0,9
3378.0,6
3377.0,6
3376.0,9
3375.0,9
3374.0,8
3373.0,5
3372.0,7
3371.0,8
3370.0,9
3369.0,8
3368.0,9
3367.0,2
3366.0,4
3365.0,4
3364.0,8
3363.0,9
3362.0,8
3361.0,8
3360.0,5
3359.0,11
3358.0,9
3357.0,6
3356.0,8
3355.0,2
3354.0,8
3353.0,11
3352.0,10
3351.0,9
3350.0,17
3349.0,7
3348.0,8
3347.0,9
3346.0,12
3345.0,9
3344.0,4
3343.0,8
3342.0,9
3341.0,8
3340.0,9
3339.0,8
3338.0,7
3337.0,10
3336.0,8
3335.0,9
3334.0,4
3333.0,6
3332.0,6
3331.0,6
3330.0,12
3329.0,6
3328.0,9
3327.0,11
3326.0,7
3325.0,9
3324.0,10
3323.0,5
3322.0,7
3321.0,5
3320.0,10
3319.0,6
3318.0,6
3317.0,11
3316.0,5
3315.0,1
3314.0,12
3313.0,11
3312.0,9
3311.0,13
3310.0,10
3309.0,6
3308.0,9
3307.0,9
3306.0,12
3305.0,7
3304.0,7
3303.0,8
3302.0,10
3301.0,5
3300.0,37
3299.0,11
3298.0,6
3297.0,11
3296.0,5
3295.0,8
3294.0,7
3293.0,6
3292.0,4
3291.0,1
3290.0,7
3289.0,8
3288.0,4
3287.0,8
3286.0,7
3285.0,8
3284.0,8
3283.0,10
3282.0,8
3281.0,6
3280.0,16
3279.0,5
3278.0,11
3277.0,15
3276.0,8
3275.0,5
3274.0,11
3273.0,11
3272.0,9
3271.0,6
3270.0,4
3269.0,8
3268.0,9
3267.0,5
3266.0,5
3265.0,3
3264.0,6
3263.0,12
3262.0,7
3261.0,8
3260.0,6
3259.0,7
3258.0,5
3257.0,11
3256.0,11
3255.0,5
3254.0,9
3253.0,9
3252.0,6
3251.0,9
3250.0,10
3249.0,6
3248.0,7
3247.0,8
3246.0,6
3245.0,2
3244.0,11
3243.0,6
3242.0,5
3241.0,8
3240.0,7
3239.0,8
3238.0,5
3237.0,2
3236.0,4
3235.0,6
3234.0,11
3233.0,5
3232.0,3
3231.0,7
3230.0,10
3229.0,6
3228.0,10
3227.0,8
3226.0,5
3225.0,9
3224.0,4
3223.0,6
3222.0,5
3221.0,12
3220.0,9
3219.0,5
3218.0,9
3217.0,8
3216.0,7
3215.0,11
3214.0,8
3213.0,10
3212.0,9
3211.0,6
3210.0,8
3209.0,10
3208.0,6
3207.0,5
3206.0,10
3205.0,7
3204.0,10
3203.0,8
3202.0,9
3201.0,8
3200.0,30
3199.0,7
3198.0,4
3197.0,8
3196.0,11
3195.0,12
3194.0,8
3193.0,4
3192.0,11
3191.0,10
3190.0,2
3189.0,5
3188.0,11
3187.0,8
3186.0,11
3185.0,5
3184.0,6
3183.0,8
3182.0,5
3181.0,9
3180.0,7
3179.0,5
3178.0,4
3177.0,4
3176.0,6
3175.0,10
3174.0,5
3173.0,6
3172.0,9
3171.0,5
3170.0,6
3169.0,9
3168.0,8
3167.0,6
3166.0,7
3165.0,4
3164.0,9
3163.0,12
3162.0,6
3161.0,4
3160.0,6
3159.0,10
3158.0,4
3157.0,5
3156.0,5
3155.0,4
3154.0,7
3153.0,5
3152.0,5
3151.0,2
3150.0,18
3149.0,6
3148.0,5
3147.0,7
3146.0,6
3145.0,7
3144.0,8
3143.0,10
3142.0,4
3141.0,4
3140.0,4
3139.0,3
3138.0,9
3137.0,7
3136.0,10
3135.0,6
3134.0,8
3133.0,11
3132.0,6
3131.0,8
3130.0,7
3129.0,7
3128.0,5
3127.0,8
3126.0,8
3125.0,3
3124.0,7
3123.0,5
3122.0,8
3121.0,8
3120.0,7
3119.0,7
3118.0,8
3117.0,7
3116.0,11
3115.0,10
3114.0,10
3113.0,8
3112.0,7
3111.0,5
3110.0,13
3109.0,2
3108.0,7
3107.0,9
3106.0,2
3105.0,10
3104.0,8
3103.0,6
3102.0,7
3101.0,10
3100.0,25
3099.0,4
3098.0,8
3097.0,5
3096.0,2
3095.0,7
3094.0,4
3093.0,10
3092.0,4
3091.0,7
3090.0,7
3089.0,6
3088.0,8
3087.0,9
3086.0,7
3085.0,6
3084.0,12
3083.0,4
3082.0,9
3081.0,5
3080.0,8
3079.0,7
3078.0,5
3077.0,8
3076.0,6
3075.0,4
3074.0,10
3073.0,9
3072.0,8
3071.0,8
3070.0,6
3069.0,8
3068.0,8
3067.0,6
3066.0,9
3065.0,4
3064.0,5
3063.0,9
3062.0,8
3061.0,7
3060.0,11
3059.0,8
3058.0,5
3057.0,9
3056.0,3
3055.0,7
3054.0,4
3053.0,5
3052.0,7
3051.0,9
3050.0,18
3049.0,8
3048.0,10
3047.0,4
3046.0,6
3045.0,10
3044.0,6
3043.0,3
3042.0,7
3041.0,6
3040.0,5
3039.0,11
3038.0,6
3037.0,7
3036.0,8
3035.0,7
3034.0,6
3033.0,5
3032.0,6
3031.0,4
3030.0,11
3029.0,12
3028.0,5
3027.0,8
3026.0,11
3025.0,10
3024.0,3
3023.0,9
3022.0,11
3021.0,15
3020.0,3
3019.0,6
3018.0,9
3017.0,1
3016.0,6
3015.0,5
3014.0,12
3013.0,2
3012.0,7
3011.0,6
3010.0,4
3009.0,6
3008.0,8
3007.0,2
3006.0,5
3005.0,6
3004.0,10
3003.0,2
3002.0,7
3001.0,7
3000.0,27
2999.0,6
2998.0,9
2997.0,8
2996.0,5
2995.0,9
2994.0,8
2993.0,3
2992.0,4
2991.0,5
2990.0,10
2989.0,4
2988.0,5
2987.0,10
2986.0,3
2985.0,4
2984.0,4
2983.0,5
2982.0,9
2981.0,6
2980.0,12
2979.0,6
2978.0,9
2977.0,3
2976.0,8
2975.0,4
2974.0,8
2973.0,9
2972.0,10
2971.0,4
2970.0,12
2969.0,4
2968.0,6
2967.0,4
2966.0,8
2965.0,9
2964.0,8
2963.0,4
2962.0,9
2961.0,7
2960.0,8
2959.0,6
2958.0,6
2957.0,11
2956.0,5
2955.0,3
2954.0,7
2953.0,6
2952.0,2
2951.0,5
2950.0,19
2949.0,5
2948.0,10
2947.0,7
2946.0,10
2945.0,7
2944.0,6
2943.0,11
2942.0,6
2941.0,6
2940.0,6
2939.0,10
2938.0,6
2937.0,8
2936.0,10
2935.0,7
2934.0,8
2933.0,5
2932.0,5
2931.0,10
2930.0,9
2929.0,4
2928.0,4
2927.0,4
2926.0,11
2925.0,8
2924.0,5
2923.0,8
2922.0,6
2921.0,6
2920.0,12
2919.0,10
2918.0,9
2917.0,3
2916.0,3
2915.0,7
2914.0,5
2913.0,5
2912.0,10
2911.0,6
2910.0,8
2909.0,1
2908.0,4
2907.0,7
2906.0,4
2905.0,8
2904.0,8
2903.0,6
2902.0,11
2901.0,3
2900.0,36
2899.0,9
2898.0,12
2897.0,10
2896.0,5
2895.0,6
2894.0,3
2893.0,8
2892.0,6
2891.0,3
2890.0,10
2889.0,3
2888.0,2
2887.0,6
2886.0,8
2885.0,10
2884.0,8
2883.0,5
2882.0,4
2881.0,4
2880.0,9
2879.0,7
2878.0,6
2877.0,16
2876.0,3
2875.0,10
2874.0,9
2873.0,7
2872.0,4
2871.0,4
2870.0,9
2869.0,5
2868.0,9
2867.0,6
2866.0,9
2865.0,7
2864.0,4
2863.0,8
2862.0,3
2861.0,6
2860.0,6
2859.0,4
2858.0,5
2857.0,7
2856.8,1
2856.0,6
2855.0,9
2854.0,10
2853.0,5
2852.0,7
2851.0,5
2850.0,13
2849.0,5
2848.0,8
2847.0,11
2846.0,6
2845.0,5
2844.0,2
2843.0,3
2842.0,5
2841.0,9
2840.0,5
2839.0,8
2838.0,8
2837.0,9
2836.0,9
2835.0,6
2834.0,9
2833.0,7
2832.0,7
2831.0,9
2830.0,11
2829.0,6
2828.0,7
2827.0,10
2826.0,7
2825.0,8
2824.0,6
2823.0,7
2822.0,13
2821.0,4
2820.0,6
2819.0,6
2818.0,12
2817.0,10
2816.0,8
2815.0,13
2814.0,7
2813.0,6
2812.0,8
2811.0,6
2810.0,16
2809.0,7
2808.0,8
2807.0,5
2806.0,9
2805.0,9
2804.0,8
2803.0,9
2802.0,7
2801.0,5
2800.0,34
2799.0,4
2798.0,7
2797.0,6
2796.0,2
2795.0,5
2794.0,14
2793.0,9
2792.0,8
2791.0,5
2790.0,9
2789.0,12
2788.0,10
2787.0,5
2786.0,6
2785.0,5
2784.0,6
2783.0,8
2782.0,8
2781.0,12
2780.0,11
2779.0,3
2778.0,3
2777.0,3
2776.0,5
2775.0,9
2774.0,5
2773.0,11
2772.0,7
2771.0,5
2770.0,5
2769.0,7
2768.0,10
2767.0,7
2766.0,5
2765.0,6
2764.0,9
2763.0,5
2762.0,8
2761.0,5
2760.0,8
2759.0,5
2758.0,4
2757.0,6
2756.0,4
2755.0,6
2754.0,6
2753.0,14
2752.0,9
2751.0,8
2750.0,20
2749.0,9
2748.0,6
2747.0,6
2746.0,5
2745.0,8
2744.0,3
2743.0,5
2742.0,7
2741.0,1
2740.0,13
2739.0,8
2738.0,7
2737.0,8
2736.0,3
2735.0,10
2734.0,8
2733.0,8
2732.0,8
2731.0,1
2730.0,11
2729.0,3
2728.0,5
2727.0,6
2726.0,10
2725.0,8
2724.0,3
2723.0,3
2722.0,12
2721.0,2
2720.0,6
2719.0,15
2718.0,5
2717.0,4
2716.0,6
2715.0,8
2714.0,4
2713.0,6
2712.0,11
2711.0,5
2710.0,6
2709.0,6
2708.0,6
2707.0,6
2706.0,4
2705.0,7
2704.0,2
2703.0,10
2702.0,5
2701.0,7
2700.0,24
2699.0,4
2698.0,5
2697.0,5
2696.0,6
2695.0,10
2694.0,11
2693.0,3
2692.0,7
2691.0,3
2690.0,7
2689.0,6
2688.0,8
2687.0,13
2686.0,6
2685.0,9
2684.0,4
2683.0,7
2682.0,7
2681.0,5
2680.0,10
2679.0,5
2678.0,7
2677.0,4
2676.0,5
2675.0,4
2674.0,9
2673.0,9
2672.0,6
2671.0,6
2670.0,9
2669.0,5
2668.0,12
2667.0,4
2666.0,8
2665.0,10
2664.0,8
2663.0,4
2662.0,8
2661.0,9
2660.0,4
2659.0,6
2658.0,7
2657.0,2
2656.0,8
2655.0,9
2654.0,1
2653.0,9
2652.0,5
2651.0,16
2650.00008,1
2650.0,33
2649.0,8
2648.0,7
2647.0,6
2646.0,3
2645.0,7
2644.0,3
2643.0,8
2642.0,10
2641.0,10
2640.0,9
2639.0,7
2638.0,9
2637.0,4
2636.0,7
2635.0,3
2634.0,8
2633.0,5
2632.0,11
2631.0,6
2630.0,6
2629.0,5
2628.0,7
2627.0,3
2626.0,2
2625.0,6
2624.0,8
2623.0,6
2622.0,6
2621.0,9
2620.0,7
2619.0,8
2618.0,8
2617.0,7
2616.0,8
2615.0,6
2614.0,11
2613.0,7
2612.0,7
2611.0,8
2610.0,7
2609.0,4
2608.0,3
2607.0,11
2606.0,9
2605.0,7
2604.0,9
2603.0,6
2602.0,6
2601.0,8
2600.0,36
2599.0,11
2598.0,10
2597.0,4
2596.0,8
2595.0,5
2594.0,7
2593.0,10
2592.0,8
2591.0,5
2590.0,13
2589.0,5
2588.0,5
2587.0,5
2586.0,4
2585.0,7
2584.0,3
2583.0,12
2582.0,8
2581.0,11
2580.0,12
2579.0,4
2578.0,5
2577.0,7
2576.0,4
2575.0,7
2574.0,6
2573.0,10
2572.0,10
2571.0,9
2570.0,11
2569.0,3
2568.0,7
2567.0,7
2566.0,9
2565.0,5
2564.0,8
2563.0,3
2562.0,3
2561.0,7
2560.0,7
2559.0,5
2558.0,6
2557.0,9
2556.0,7
2555.0,7
2554.0,4
2553.0,8
2552.0,3
2551.0,9
2550.0,26
2549.0,6
2548.0,7
2547.0,7
2546.0,8
2545.0,8
2544.0,9
2543.0,6
2542.0,4
2541.0,5
2540.0,7
2539.0,7
2538.0,9
2537.0,9
2536.0,4
2535.0,6
2534.0,14
2533.0,7
2532.0,4
2531.0,4
2530.0,3
2529.0,8
2528.0,9
2527.0,3
2526.0,10
2525.0,10
2524.0,6
2523.0,4
2522.0,9
2521.0,5
2520.0,9
2519.0,6
2518.0,11
2517.0,6
2516.0,9
2515.0,10
2514.0,10
2513.0,7
2512.0,3
2511.0,6
2510.0,8
2509.0,5
2508.0,11
2507.0,5
2506.0,3
2505.0,4
2504.0,5
2503.0,9
2502.0,4
2501.0,3
2500.0,37
2499.0,12
2498.0,9
2497.0,5
2496.0,9
2495.0,3
2494.0,5
2493.0,3
2492.0,7
2491.0,3
2490.0,5
2489.0,5
2488.0,7
2487.0,6
2486.0,11
2485.0,1
2484.0,5
2483.0,5
2482.0,6
2481.0,7
2480.0,4
2479.0,11
2478.0,6
2477.0,14
2476.0,7
2475.0,7
2474.0,4
2473.0,5
2472.0,9
2471.0,6
2470.0,15
2469.0,5
2468.0,7
2467.0,9
2466.0,14
2465.0,10
2464.0,5
2463.0,7
2462.0,11
2461.0,10
2460.0,9
2459.0,1
2458.0,5
2457.0,10
2456.0,7
2455.0,6
2454.0,6
2453.0,5
2452.0,11
2451.0,6
2450.0,35
2449.0,3
2448.0,2
2447.0,4
2446.0,5
2445.0,6
2444.0,9
2443.0,6
2442.0,3
2441.0,2
2440.0,7
2439.0,8
2438.0,6
2437.0,8
2436.0,3
2435.0,5
2434.0,11
2433.0,9
2432.0,7
2431.0,3
2430.0,11
2429.0,6
2428.0,5
2427.0,6
2426.0,6
2425.0,3
2424.0,8
2423.0,4
2422.0,10
2421.0,2
2420.0,7
2419.0,9
2418.0,5
2417.0,6
2416.0,7
2415.0,11
2414.0,6
2413.0,9
2412.0,7
2411.0,9
2410.0,5
2409.0,2
2408.0,9
2407.0,8
2406.0,7
2405.0,9
2404.0,7
2403.0,2
2402.0,6
2401.0,9
2400.0,32
2399.0,6
2398.0,8
2397.0,7
2396.0,10
2395.0,4
2394.0,3
2393.0,10
2392.0,10
2391.0,6
2390.0,9
2389.0,4
2388.0,5
2387.0,2
2386.0,4
2385.0,6
2384.0,5
2383.0,9
2382.0,10
2381.0,5
2380.0,6
2379.0,7
2378.0,7
2377.0,13
2376.0,11
2375.0,5
2374.0,5
2373.0,8
2372.0,8
2371.0,3
2370.0,2
2369.0,9
2368.0,7
2367.0,9
2366.0,5
2365.0,7
2364.0,6
2363.0,5
2362.0,11
2361.0,7
2360.0,13
2359.0,6
2358.0,9
2357.0,5
2356.0,10
2355.0,8
2354.0,9
2353.0,3
2352.0,7
2351.0,9
2350.0,35
2349.0,8
2348.0,5
2347.0,4
2346.0,10
2345.0,4
2344.0,4
2343.0,8
2342.0,5
2341.0,8
2340.0,6
2339.0,5
2338.0,8
2337.0,5
2335.0,3
2334.0,8
2333.0,6
2332.0,5
2331.0,4
2330.0,10
2329.0,9
2328.0,9
2327.0,6
2326.0,6
2325.0,4
2324.0,8
2323.0,7
2322.0,4
2321.0,7
2320.0,3
2319.0,7
2318.0,7
2317.0,8
2316.0,6
2315.0,5
2314.0,3
2313.0,4
2312.0,8
2311.0,4
2310.0,3
2309.0,5
2308.0,6
2307.0,1
2306.0,6
2305.0,2
2304.0,3
2303.0,3
2302.0,6
2301.0,4
2300.0,43
2299.0,8
2298.0,3
2297.0,3
2296.0,9
2295.0,10
2294.0,7
2293.0,6
2292.0,10
2291.0,7
2290.0,6
2289.0,7
2288.0,4
2287.0,8
2286.0,5
2285.0,6
2284.0,7
2283.0,6
2282.0,6
2281.0,5
2280.0,9
2279.0,6
2278.0,6
2277.0,3
2276.0,5
2275.0,4
2274.0,5
2273.0,4
2272.0,3
2271.0,4
2270.0,8
2269.0,5
2268.0,5
2267.0,8
2266.0,5
2265.0,3
2264.0,3
2263.0,2
2262.0,6
2261.0,12
2260.0,4
2259.0,7
2258.0,7
2257.0,1
2256.0,12
2255.0,7
2254.0,7
2253.0,4
2252.0,4
2251.0,7
2250.0,26
2249.0,6
2248.0,3
2247.0,11
2246.0,6
2245.0,7
2244.0,5
2243.0,9
2242.0,4
2241.0,1
2240.0,6
2239.0,4
2238.0,7
2237.0,4
2236.0,5
2235.0,2
2234.0,3
2233.0,6
2232.0,6
2231.0,2
2230.0,8
2229.0,6
2228.0,10
2227.0,6
2226.0,7
2225.0,8
2224.0,6
2223.0,6
2222.0,6
2221.0,5
2220.0,9
2219.0,5
2218.0,7
2217.0,3
2216.0,8
2215.0,6
2214.0,7
2213.0,5
2212.0,5
2211.0,4
2210.0,6
2209.0,6
2208.0,3
2207.0,2
2206.0,4
2205.0,5
2204.0,9
2203.0,4
2202.0,5
2201.0,6
2200.0,48
2199.0,6
2198.0,5
2197.0,7
2196.0,6
2194.0,6
2193.0,1
2192.0,7
2191.0,5
2190.0,10
2189.0,6
2188.0,3
2187.0,1
2186.0,8
2185.0,7
2184.0,4
2183.0,7
2182.0,5
2181.0,5
2180.0,8
2179.0,9
2178.0,5
2177.0,6
2176.0,3
2175.0,5
2174.0,5
2173.0,2
2172.0,7
2171.0,4
2170.0,9
2169.0,10
2168.0,4
2167.0,8
2166.0,4
2165.0,6
2164.0,4
2163.0,6
2162.0,4
2161.0,7
2160.0,8
2159.0,6
2158.0,4
2157.0,4
2156.0,6
2155.0,7
2154.0,2
2153.0,3
2152.0,5
2151.0,4
2150.0,26
2149.0,4
2147.0,4
2146.0,7
2145.0,9
2144.0,2
2143.0,6
2142.0,4
2141.0,3
2140.0,9
2139.0,7
2138.0,4
2137.0,4
2136.0,5
2135.0,6
2134.0,10
2133.0,5
2132.0,4
2131.0,6
2130.0,9
2129.0,5
2128.0,6
2127.0,4
2126.0,4
2125.0,6
2124.0,4
2123.0,1
2122.0,3
2121.0,4
2120.0,2
2119.0,3
2118.0,4
2117.0,5
2116.0,2
2115.0,7
2114.0,3
2113.0,4
2112.0,7
2111.0,3
2110.0,4
2109.0,5
2108.0,5
2107.0,9
2106.0,6
2105.0,6
2104.0,2
2103.0,7
2102.0,5
2101.0,3
2100.0,49
2099.0,3
2098.0,3
2097.0,5
2096.0,7
2095.0,6
2094.0,5
2093.0,7
2092.0,3
2091.0,5
2090.0,8
2089.0,3
2088.0,4
2087.0,8
2086.0,4
2085.0,7
2084.0,3
2083.0,5
2082.0,5
2081.0,4
2080.0,6
2079.0,7
2078.0,5
2077.0,4
2076.0,4
2075.0,3
2074.0,2
2073.0,4
2072.0,4
2071.0,4
2070.0,2
2069.0,5
2068.0,6
2066.0,5
2065.0,3
2064.0,4
2063.0,4
2062.0,2
2061.0,3
2060.0,3
2059.0,4
2058.0,3
2057.0,5
2056.0,1
2055.0,5
2054.0,5
2053.0,3
2052.0,2
2050.0,16
2049.0,7
2048.0,3
2047.0,5
2046.0,4
2045.0,6
2044.0,6
2043.0,1
2042.0,3
2041.0,5
2040.0,5
2039.0,4
2038.0,4
2037.0,3
2036.0,6
2035.0,5
2034.0,3
2033.0,1
2032.0,6
2031.0,3
2030.0,9
2029.0,8
2028.0,4
2027.0,6
2026.0,2
2025.0,7
2024.0,2
2023.0,4
2022.0,4
2021.0,1
2020.0,4
2019.0,3
2018.0,1
2017.0,8
2016.0,6
2015.0,4
2014.0,1
2013.0,1
2012.0,4
2011.0,6
2010.0,6
2009.0,3
2008.0,5
2007.0,2
2006.0,5
2005.0,1
2004.0,3
2003.0,5
2002.0,2
2001.0,3
2000.0,64
1999.999,1
1999.0,4
1998.0,7
1997.0,5
1996.0,6
1995.0,2
1994.0,5
1993.0,5
1992.0,7
1990.0,4
1989.0,3
1988.0,6
1987.0,3
1986.0,3
1985.0,2
1984.0,2
1983.0,7
1982.0,5
1981.0,1
1980.0,9
1979.0,6
1978.0,6
1977.0,1
1976.0,3
1975.0,3
1973.0,3
1972.0,3
1971.0,1
1970.0,3
1969.0,7
1968.0,3
1966.0,3
1965.0,1
1964.0,8
1963.0,3
1962.0,8
1961.0,4
1960.0,2
1959.0,1
1958.0,2
1957.0,3
1956.0,3
1955.0,3
1954.0,2
1953.0,3
1952.0,3
1951.0,6
1950.0,28
1949.0,8
1948.0,2
1947.0,3
1946.0,8
1945.0,4
1944.0,5
1943.0,2
1942.0,2
1941.0,3
1940.0,7
1939.0,3
1938.0,2
1937.0,4
1936.0,2
1935.0,3
1934.0,3
1933.0,3
1932.0,5
1931.0,3
1930.0,5
1929.0,2
1928.0,2
1927.0,2
1926.0,2
1925.0,1
1924.0,5
1923.0,4
1922.0,3
1921.0,1
1920.0,6
1919.0,1
1918.0,1
1917.0,3
1916.0,7
1915.0,3
1914.0,3
1913.0,4
1912.0,3
1911.0,2
1910.0,5
1909.0,4
1908.0,5
1907.0,4
1906.0,3
1905.0,5
1904.0,2
1903.0,4
1902.0,2
1901.0,2
1900.0,30
1899.0,1
1898.0,1
1897.0,3
1896.0,1
1895.0,2
1894.0,2
1893.0,3
1892.0,4
1891.0,5
1890.0,7
1889.0,2
1888.0,3
1887.0,2
1886.0,4
1885.0,4
1884.0,2
1883.0,3
1882.0,3
1881.0,3
1880.0,16
1879.0,4
1878.0,3
1877.0,3
1876.0,1
1875.0,4
1874.0,2
1873.0,2
1872.0,3
1871.0,3
1870.0,6
1869.0,2
1868.0,3
1867.0,3
1866.0,5
1865.0,3
1864.0,1
1863.0,1
1862.0,3
1860.0,4
1859.0,1
1858.0,5
1856.0,1
1855.0,2
1854.0,3
1853.0,3
1852.0,1
1851.0,1
1850.0,20
1849.0,1
1848.0,4
1847.0,1
1846.0,5
1845.0,3
1844.0,3
1843.0,3
1842.0,5
1841.0,1
1840.0,4
1839.0,1
1838.0,5
1837.0,2
1836.0,3
1835.0,3
1834.0,5
1833.0,4
1832.0,2
1831.0,2
1830.0,9
1829.0,2
1828.0,3
1827.0,3
1826.0,2
1825.0,3
1824.0,1
1823.0,5
1822.0,2
1821.0,1
1820.0,11
1819.0,2
1818.0,2
1817.0,1
1815.0,1
1814.0,2
1813.0,4
1812.0,2
1811.0,3
1810.0,4
1809.0,1
1808.0,2
1807.0,1
1806.0,6
1805.0,1
1804.0,2
1803.0,2
1802.0,3
1801.0,5
1800.0,30
1799.0,2
1797.0,1
1796.0,1
1795.0,2
1794.0,1
1793.0,1
1792.0,2
1791.0,1
1790.0,7
1789.0,1
1788.0,3
1786.0,4
1785.0,2
1784.0,1
1783.0,2
1782.0,3
1781.0,1
1780.0,11
1778.0,2
1777.0,2
1776.0,1
1775.0,2
1774.0,3
1772.0,2
1771.0,6
1770.0,4
1769.0,4
1768.0,2
1767.0,2
1766.0,4
1765.0,1
1764.0,2
1763.0,2
1762.0,1
1761.0,4
1760.0,2
1759.0,4
1758.0,3
1757.0,2
1756.0,3
1755.0,4
1753.0,3
1752.293,1
1751.0,4
1750.237951,1
1750.0,32
1749.0,2
1748.0,2
1746.0,2
1745.0,3
1744.0,3
1743.0,2
1741.0,4
1740.0,2
1739.0,2
1738.0,1
1737.0,1
1736.0,4
1735.0,3
1734.0,2
1733.0,1
1732.0,1
1730.0,4
1729.0,2
1728.0,2
1727.0,3
1726.0,1
1725.0,2
1723.0,2
1722.0,3
1721.0,3
1720.0,5
1719.0,1
1718.0,1
1717.0,1
1716.0,1
1715.0,2
1714.0,3
1713.0,3
1712.0,1
1711.0,4
1710.0,4
1708.0,4
1707.0,1
1705.0,2
1704.0,2
1703.0,3
1701.0,5
1700.0,22
1699.0,5
1698.0,1
1697.0,2
1695.0,1
1694.0,2
1693.0,5
1692.0,1
1691.0,3
1690.0,4
1689.0,1
1688.0,3
1687.0,4
1686.0,1
1685.0,2
1684.0,2
1683.0,1
1681.0,1
1680.0,12
1679.0,3
1678.0,1
1676.0,2
1675.0,2
1674.0,1
1672.0,2
1671.0,3
1670.0,5
1667.0,2
1666.0,1
1665.0,2
1664.0,3
1663.0,5
1662.0,4
1660.0,5
1659.0,2
1658.0,1
1657.0,3
1655.0,1
1653.0,1
1652.0,2
1650.0,24
1649.0,1
1648.0,3
1647.0,3
1646.0,2
1645.0,1
1644.0,3
1643.0,1
1642.0,3
1641.0,2
1640.0,5
1639.0,1
1638.0,3
1636.0,2
1635.0,2
1633.0,1
1632.0,5
1631.0,1
1630.0,2
1629.0,2
1628.0,2
1627.0,4
1625.0,1
1623.0,2
1622.38,1
1622.0,1
1621.0,1
1620.0,3
1618.0,4
1617.0,4
1616.0,2
1615.0,1
1614.0,1
1612.0,1
1611.0,1
1610.0,1
1609.0,1
1606.0,1
1605.0,1
1604.0,2
1603.0,1
1602.0,1
1601.0,1
1600.0,25
1599.0,2
1596.0,1
1591.0,2
1590.0,4
1588.0,2
1587.0,3
1584.0,2
1581.0,1
1580.0,2
1578.0,2
1577.0,3
1576.0,3
1575.0,1
1574.0,2
1570.0,5
1567.0,4
1566.0,2
1565.0,2
1562.0,4
1561.0,1
1560.0,4
1559.0,1
1557.0,2
1556.0,2
1555.0,1
1554.0,1
1553.0,1
1552.0,1
1551.0,1
1550.0,22
1549.0,1
1548.0,2
1547.0,2
1546.0,2
1545.0,1
1544.0,1
1539.0,1
1538.0,2
1535.0,2
1534.0,1
1533.0,1
1531.0,2
1530.0,6
1527.0,1
1526.0,1
1525.0,1
1523.0,2
1522.0,1
1521.0,1
1520.0,4
1518.0,2
1517.0,2
1514.0,1
1511.0,1
1509.0,1
1508.0,4
1507.0,2
1506.0,1
1505.0,3
1501.0,1
1500.0,30
1499.0,1
1497.0,1
1496.0,1
1495.0,1
1494.0,1
1491.0,1
1490.0,2
1489.0,1
1487.0,1
1486.0,1
1485.0,1
1481.0,1
1479.0,1
1478.0,1
1477.0,1
1474.0,1
1473.0,2
1471.0,1
1470.0,4
1468.0,1
1467.0,1
1465.0,1
1464.0,1
1463.0,1
1461.0,1
1460.0,3
1459.0,1
1458.0,1
1454.0,3
1453.0,1
1450.0,14
1447.0,2
1445.0,1
1441.0,1
1440.0,2
1439.0,1
1437.0,1
1436.0,1
1435.0,3
1434.0,1
1433.0,1
1432.0,1
1431.0,1
1430.0,4
1428.0,1
1427.0,1
1423.0,1
1421.0,1
1420.0,5
1418.0,2
1416.0,1
1414.0,1
1412.0,2
1408.0,1
1405.0,2
1404.0,1
1400.0,20
1399.0,1
1398.0,1
1393.0,2
1391.0,1
1390.0,4
1388.0,2
1387.0,1
1385.0,1
1383.0,1
1380.0,5
1379.0,1
1373.1564,1
1370.0,1
1366.0,1
1362.0,1
1360.0,1
1354.0,2
1353.0,1
1350.0,4
1348.0,2
1347.0,1
1346.0,1
1345.0,1
1344.0,1
1343.0,1
1342.0,3
1337.0,3
1335.0,2
1331.0,1
1330.0,1
1328.0,2
1327.0,1
1323.0,2
1320.0,1
1318.0,1
1313.0,1
1310.0,1
1309.0,1
1300.0,15
1293.0,1
1292.0,2
1290.0,3
1287.0,1
1282.0,1
1280.0,2
1279.0,2
1275.0,1
1271.0,3
1270.0,1
1268.0,1
1263.0,1
1261.0,2
1260.0,1
1259.0,1
1258.0,1
1256.0,1
1255.0,1
1250.0,8
1241.0,1
1240.0,3
1238.0,1
1236.0,1
1232.0,2
1230.0,3
1228.0,1
1227.0,1
1225.00578,1
1223.0,1
1220.0,1
1216.0,1
1211.0,1
1202.0,1
1200.0,10
1190.0,1
1185.0,1
1180.0,2
1171.0,1
1170.0,2
1160.0,2
1156.0,1
1152.0,2
1150.0,8
1144.0,1
1135.0,2
1134.0,1
1120.0,2
1119.0,1
1112.0,1
1100.0,15
1094.0,1
1090.0,1
1083.0,1
1080.0,2
1073.0,1
1064.0,1
1062.0,1
1050.0,2
1036.0,1
1032.0,1
1018.0,1
1000.0,14
999.0,1
990.0,2
980.0,3
960.0,2
950.0,17
930.0,1
910.0,1
900.0,5
868.0,1
861.0,1
850.0,5
800.0,3
780.0,1
760.0,3
756.0,1
750.0,1
700.0,1
699.0,1
678.0,1
670.0,1
660.0,1
650.0,1
640.0,1
600.0,3
580.0,1
550.0,1
540.0,1
530.0,2
520.0,1
510.0,1
500.0,3
480.0,1
450.0,6
400.0,1
390.0,1
380.0,1
350.0,1
330.0,1
260.0,3
230.0,1
206.0,1
200.0,4
185.0,1
170.0,1
128.45,1
123.46,1
100.0,3
